run_name,epoch,loss,bpr_loss,regularizer,sample_size,config_name
cfg01_L2_D64,1,0.692985475063324,0.6928892135620117,0.9627619981765747,65536,cfg01_L2_D64
cfg01_L2_D64,2,0.6929561495780945,0.6928596496582031,0.9648792147636414,65536,cfg01_L2_D64
cfg01_L2_D64,3,0.6928698420524597,0.692773163318634,0.9666781425476074,65536,cfg01_L2_D64
cfg01_L2_D64,4,0.6927237510681152,0.6926267743110657,0.9699549674987793,65536,cfg01_L2_D64
cfg01_L2_D64,5,0.692654550075531,0.6925573348999023,0.9724392890930176,65536,cfg01_L2_D64
cfg01_L2_D64,6,0.6924848556518555,0.6923873424530029,0.9754251837730408,65536,cfg01_L2_D64
cfg01_L2_D64,7,0.6922065615653992,0.6921087503433228,0.978079080581665,65536,cfg01_L2_D64
cfg01_L2_D64,8,0.6919777393341064,0.6918795108795166,0.9819956421852112,65536,cfg01_L2_D64
cfg01_L2_D64,9,0.6916570663452148,0.6915584206581116,0.9866557717323303,65536,cfg01_L2_D64
cfg01_L2_D64,10,0.6911932229995728,0.6910940408706665,0.9916152954101562,65536,cfg01_L2_D64
cfg01_L2_D64,11,0.6906782388687134,0.6905785799026489,0.9963831901550293,65536,cfg01_L2_D64
cfg01_L2_D64,12,0.6901177763938904,0.6900174617767334,1.0030384063720703,65536,cfg01_L2_D64
cfg02_L3_D64,1,0.6931113600730896,0.6930153965950012,0.9595284461975098,65536,cfg02_L3_D64
cfg02_L3_D64,2,0.6930702328681946,0.6929742097854614,0.9603912830352783,65536,cfg02_L3_D64
cfg02_L3_D64,3,0.6929622292518616,0.6928659677505493,0.962347149848938,65536,cfg02_L3_D64
cfg02_L3_D64,4,0.6928317546844482,0.6927353143692017,0.9641942977905273,65536,cfg02_L3_D64
cfg02_L3_D64,5,0.6926503777503967,0.6925537586212158,0.9659131765365601,65536,cfg02_L3_D64
cfg02_L3_D64,6,0.6924161911010742,0.6923193335533142,0.9687290191650391,65536,cfg02_L3_D64
cfg02_L3_D64,7,0.6920517086982727,0.691954493522644,0.9724371433258057,65536,cfg02_L3_D64
cfg02_L3_D64,8,0.6916132569313049,0.6915155649185181,0.9767824411392212,65536,cfg02_L3_D64
cfg02_L3_D64,9,0.6910688281059265,0.6909706592559814,0.9815911054611206,65536,cfg02_L3_D64
cfg02_L3_D64,10,0.6904253959655762,0.6903265714645386,0.9883525371551514,65536,cfg02_L3_D64
cfg02_L3_D64,11,0.6895830631256104,0.6894835233688354,0.9952688813209534,65536,cfg02_L3_D64
cfg02_L3_D64,12,0.6886615753173828,0.6885612607002258,1.0031107664108276,65536,cfg02_L3_D64
final_refit_cfg01_L2_D64,1,0.6930763125419617,0.6929802894592285,0.9604746103286743,65536,cfg01_L2_D64
final_refit_cfg01_L2_D64,2,0.692962646484375,0.6928665637969971,0.9608703851699829,65536,cfg01_L2_D64
final_refit_cfg01_L2_D64,3,0.6929396390914917,0.6928434371948242,0.9621129035949707,65536,cfg01_L2_D64
final_refit_cfg01_L2_D64,4,0.6928697228431702,0.6927733421325684,0.9636155366897583,65536,cfg01_L2_D64
final_refit_cfg01_L2_D64,5,0.692661464214325,0.692564845085144,0.9664621353149414,65536,cfg01_L2_D64
final_refit_cfg01_L2_D64,6,0.692570149898529,0.692473292350769,0.9684966802597046,65536,cfg01_L2_D64
final_refit_cfg01_L2_D64,7,0.6923671364784241,0.6922699809074402,0.9715149402618408,65536,cfg01_L2_D64
final_refit_cfg01_L2_D64,8,0.6921448707580566,0.6920473575592041,0.9751842021942139,65536,cfg01_L2_D64
final_refit_cfg01_L2_D64,9,0.6918658018112183,0.6917678117752075,0.9796183109283447,65536,cfg01_L2_D64
final_refit_cfg01_L2_D64,10,0.6914849877357483,0.6913866996765137,0.982779860496521,65536,cfg01_L2_D64
final_refit_cfg01_L2_D64,11,0.6910247802734375,0.6909260749816895,0.98701012134552,65536,cfg01_L2_D64
final_refit_cfg01_L2_D64,12,0.6906196475028992,0.6905203461647034,0.9928492307662964,65536,cfg01_L2_D64
