family,model_label,selected_variant,prediction_scope,source_status,schema_version,seed,bundle_id,created_at_utc,protocol_schema_version,protocol_pointer_sha256,manifest_path
dgd,DGD,,active_model,PASS,dgd-model-v1,2025,20260716T183942-s2025-05eb95bfbddd,2026-07-16T18:40:42.227673+00:00,ml1m-coldstart-v1,5256c3aeda7f7e619fd60d9530397af6a207c7a83d80c45cdd131e0d86fc2ee0,/workspace/HungPH/coldstart-recsys/.notebook/artifacts/models/ml-1m/dgd-v1/generations/20260716T183942-s2025-05eb95bfbddd/manifest.json
dgd,DGD,,active_model,PASS,dgd-model-v1,3407,20260716T184238-s3407-40504d8913cd,2026-07-16T18:43:36.401281+00:00,ml1m-coldstart-v1,5256c3aeda7f7e619fd60d9530397af6a207c7a83d80c45cdd131e0d86fc2ee0,/workspace/HungPH/coldstart-recsys/.notebook/artifacts/models/ml-1m/dgd-v1/generations/20260716T184238-s3407-40504d8913cd/manifest.json
dgd,DGD,,active_model,PASS,dgd-model-v1,4517,20260716T184336-s4517-7fa86b77c92c,2026-07-16T18:44:35.092382+00:00,ml1m-coldstart-v1,5256c3aeda7f7e619fd60d9530397af6a207c7a83d80c45cdd131e0d86fc2ee0,/workspace/HungPH/coldstart-recsys/.notebook/artifacts/models/ml-1m/dgd-v1/generations/20260716T184336-s4517-7fa86b77c92c/manifest.json
dgd,DGD,,active_model,PASS,dgd-model-v1,7788,20260716T184042-s7788-390ea60260e2,2026-07-16T18:41:40.030297+00:00,ml1m-coldstart-v1,5256c3aeda7f7e619fd60d9530397af6a207c7a83d80c45cdd131e0d86fc2ee0,/workspace/HungPH/coldstart-recsys/.notebook/artifacts/models/ml-1m/dgd-v1/generations/20260716T184042-s7788-390ea60260e2/manifest.json
dgd,DGD,,active_model,PASS,dgd-model-v1,9999,20260716T184140-s9999-cb03c21a79be,2026-07-16T18:42:38.129831+00:00,ml1m-coldstart-v1,5256c3aeda7f7e619fd60d9530397af6a207c7a83d80c45cdd131e0d86fc2ee0,/workspace/HungPH/coldstart-recsys/.notebook/artifacts/models/ml-1m/dgd-v1/generations/20260716T184140-s9999-cb03c21a79be/manifest.json
dgd_ablation,DGD-Ablation:selected,full_dgd,all_variants,PASS,dgd-ablation-v1,2025,20260716T184701786646-s2025-5c207281ada6,2026-07-16T18:47:03.005425+00:00,ml1m-coldstart-v1,5256c3aeda7f7e619fd60d9530397af6a207c7a83d80c45cdd131e0d86fc2ee0,/workspace/HungPH/coldstart-recsys/.notebook/artifacts/models/ml-1m/dgd-ablation-v1/generations/20260716T184701786646-s2025-5c207281ada6/manifest.json
dgd_ablation,DGD-Ablation:selected,full_dgd,all_variants,PASS,dgd-ablation-v1,3407,20260716T185304080234-s3407-bb86e78b7369,2026-07-16T18:53:05.619498+00:00,ml1m-coldstart-v1,5256c3aeda7f7e619fd60d9530397af6a207c7a83d80c45cdd131e0d86fc2ee0,/workspace/HungPH/coldstart-recsys/.notebook/artifacts/models/ml-1m/dgd-ablation-v1/generations/20260716T185304080234-s3407-bb86e78b7369/manifest.json
dgd_ablation,DGD-Ablation:selected,full_dgd,all_variants,PASS,dgd-ablation-v1,4517,20260716T185504249041-s4517-b7f072a51da0,2026-07-16T18:55:05.457013+00:00,ml1m-coldstart-v1,5256c3aeda7f7e619fd60d9530397af6a207c7a83d80c45cdd131e0d86fc2ee0,/workspace/HungPH/coldstart-recsys/.notebook/artifacts/models/ml-1m/dgd-ablation-v1/generations/20260716T185504249041-s4517-b7f072a51da0/manifest.json
dgd_ablation,DGD-Ablation:selected,full_dgd,all_variants,PASS,dgd-ablation-v1,7788,20260716T184901918664-s7788-13b5a43bc93d,2026-07-16T18:49:03.127722+00:00,ml1m-coldstart-v1,5256c3aeda7f7e619fd60d9530397af6a207c7a83d80c45cdd131e0d86fc2ee0,/workspace/HungPH/coldstart-recsys/.notebook/artifacts/models/ml-1m/dgd-ablation-v1/generations/20260716T184901918664-s7788-13b5a43bc93d/manifest.json
dgd_ablation,DGD-Ablation:selected,full_dgd,all_variants,PASS,dgd-ablation-v1,9999,20260716T185103544146-s9999-ad177796f59f,2026-07-16T18:51:04.750821+00:00,ml1m-coldstart-v1,5256c3aeda7f7e619fd60d9530397af6a207c7a83d80c45cdd131e0d86fc2ee0,/workspace/HungPH/coldstart-recsys/.notebook/artifacts/models/ml-1m/dgd-ablation-v1/generations/20260716T185103544146-s9999-ad177796f59f/manifest.json
emerg,EmerG,,active_model,PASS,emerg-baseline-v1,2025,20260716T183549-s2025-cbe59f5ab1d1,2026-07-16T18:36:27.923226+00:00,ml1m-coldstart-v1,5256c3aeda7f7e619fd60d9530397af6a207c7a83d80c45cdd131e0d86fc2ee0,/workspace/HungPH/coldstart-recsys/.notebook/artifacts/models/ml-1m/emerg-v1/generations/20260716T183549-s2025-cbe59f5ab1d1/manifest.json
emerg,EmerG,,active_model,PASS,emerg-baseline-v1,3407,20260716T183743-s3407-f657f7e81b02,2026-07-16T18:38:21.535229+00:00,ml1m-coldstart-v1,5256c3aeda7f7e619fd60d9530397af6a207c7a83d80c45cdd131e0d86fc2ee0,/workspace/HungPH/coldstart-recsys/.notebook/artifacts/models/ml-1m/emerg-v1/generations/20260716T183743-s3407-f657f7e81b02/manifest.json
emerg,EmerG,,active_model,PASS,emerg-baseline-v1,4517,20260716T183821-s4517-93c4e3d2a257,2026-07-16T18:38:59.783188+00:00,ml1m-coldstart-v1,5256c3aeda7f7e619fd60d9530397af6a207c7a83d80c45cdd131e0d86fc2ee0,/workspace/HungPH/coldstart-recsys/.notebook/artifacts/models/ml-1m/emerg-v1/generations/20260716T183821-s4517-93c4e3d2a257/manifest.json
emerg,EmerG,,active_model,PASS,emerg-baseline-v1,7788,20260716T183628-s7788-61d13741e884,2026-07-16T18:37:05.760267+00:00,ml1m-coldstart-v1,5256c3aeda7f7e619fd60d9530397af6a207c7a83d80c45cdd131e0d86fc2ee0,/workspace/HungPH/coldstart-recsys/.notebook/artifacts/models/ml-1m/emerg-v1/generations/20260716T183628-s7788-61d13741e884/manifest.json
emerg,EmerG,,active_model,PASS,emerg-baseline-v1,9999,20260716T183705-s9999-3128f214418f,2026-07-16T18:37:43.746011+00:00,ml1m-coldstart-v1,5256c3aeda7f7e619fd60d9530397af6a207c7a83d80c45cdd131e0d86fc2ee0,/workspace/HungPH/coldstart-recsys/.notebook/artifacts/models/ml-1m/emerg-v1/generations/20260716T183705-s9999-3128f214418f/manifest.json
lightgcn,LightGCN,,active_model,WARN,lightgcn-baseline-v1,2025,20260716T183339-s2025-a370f5a1659c,2026-07-16T18:33:40.706673+00:00,ml1m-coldstart-v1,5256c3aeda7f7e619fd60d9530397af6a207c7a83d80c45cdd131e0d86fc2ee0,/workspace/HungPH/coldstart-recsys/.notebook/artifacts/models/ml-1m/lightgcn-v1/generations/20260716T183339-s2025-a370f5a1659c/manifest.json
lightgcn,LightGCN,,active_model,WARN,lightgcn-baseline-v1,3407,20260716T183408-s3407-d3c5f4a86f19,2026-07-16T18:34:09.727610+00:00,ml1m-coldstart-v1,5256c3aeda7f7e619fd60d9530397af6a207c7a83d80c45cdd131e0d86fc2ee0,/workspace/HungPH/coldstart-recsys/.notebook/artifacts/models/ml-1m/lightgcn-v1/generations/20260716T183408-s3407-d3c5f4a86f19/manifest.json
lightgcn,LightGCN,,active_model,WARN,lightgcn-baseline-v1,4517,20260716T183419-s4517-388725ed3236,2026-07-16T18:34:20.455619+00:00,ml1m-coldstart-v1,5256c3aeda7f7e619fd60d9530397af6a207c7a83d80c45cdd131e0d86fc2ee0,/workspace/HungPH/coldstart-recsys/.notebook/artifacts/models/ml-1m/lightgcn-v1/generations/20260716T183419-s4517-388725ed3236/manifest.json
lightgcn,LightGCN,,active_model,WARN,lightgcn-baseline-v1,7788,20260716T183349-s7788-055a93bf6705,2026-07-16T18:33:50.335332+00:00,ml1m-coldstart-v1,5256c3aeda7f7e619fd60d9530397af6a207c7a83d80c45cdd131e0d86fc2ee0,/workspace/HungPH/coldstart-recsys/.notebook/artifacts/models/ml-1m/lightgcn-v1/generations/20260716T183349-s7788-055a93bf6705/manifest.json
lightgcn,LightGCN,,active_model,WARN,lightgcn-baseline-v1,9999,20260716T183359-s9999-6cc7ff772669,2026-07-16T18:34:00.208508+00:00,ml1m-coldstart-v1,5256c3aeda7f7e619fd60d9530397af6a207c7a83d80c45cdd131e0d86fc2ee0,/workspace/HungPH/coldstart-recsys/.notebook/artifacts/models/ml-1m/lightgcn-v1/generations/20260716T183359-s9999-6cc7ff772669/manifest.json
