family,model_label,seed,bundle_id,schema_version,protocol_pointer_sha256,source_status,split,phase,rows,positives,threshold,accuracy,precision,recall,f1,roc_auc,predicted_positive_rate,score_mean,score_std,tp,fp,fn,tn,config_name,variant
dgd,DGD,2025,20260717T024736-s2025-fecdc89014c1,dgd-model-v1,5256c3aeda7f7e619fd60d9530397af6a207c7a83d80c45cdd131e0d86fc2ee0,PASS,evaluation,Cold,57569,23501,0.3045884668827057,0.500495058104188,0.4481745202074991,0.9668524743627932,0.6124528301886792,0.7329295795831151,0.8806649412009936,0.5639934595304459,0.2006211427716185,22722,27977,779,6091,cfg02_G3_D32,
dgd,DGD,2025,20260717T024736-s2025-fecdc89014c1,dgd-model-v1,5256c3aeda7f7e619fd60d9530397af6a207c7a83d80c45cdd131e0d86fc2ee0,PASS,evaluation,Warm A,57569,23501,0.3595522940158844,0.6569681599471938,0.5513870252211299,0.8567720522530956,0.6709653770535505,0.7821239150016159,0.6343170803731175,0.4764989795640736,0.2394495032765678,20135,16382,3366,17686,cfg02_G3_D32,
dgd,DGD,2025,20260717T024736-s2025-fecdc89014c1,dgd-model-v1,5256c3aeda7f7e619fd60d9530397af6a207c7a83d80c45cdd131e0d86fc2ee0,PASS,evaluation,Warm B,57569,23501,0.3629944324493408,0.7043200333512828,0.6041539401343922,0.7995829964682354,0.688264596000293,0.7962576125541851,0.5402734110371902,0.4299577766979481,0.2646225579091067,18791,12312,4710,21756,cfg02_G3_D32,
dgd,DGD,2025,20260717T024736-s2025-fecdc89014c1,dgd-model-v1,5256c3aeda7f7e619fd60d9530397af6a207c7a83d80c45cdd131e0d86fc2ee0,PASS,evaluation,Warm C,57569,23501,0.3681661486625671,0.714690197849537,0.6195108769085259,0.7803923237309051,0.6907070897278975,0.8014927444799775,0.5142350918028801,0.4148200329530382,0.2734724475792233,18340,11264,5161,22804,cfg02_G3_D32,
dgd,DGD,3407,20260717T025102-s3407-65cd6c13c536,dgd-model-v1,5256c3aeda7f7e619fd60d9530397af6a207c7a83d80c45cdd131e0d86fc2ee0,PASS,evaluation,Cold,57569,23501,0.3197981119155884,0.5055498619048446,0.4505872984272347,0.9630654014722778,0.6139344373465706,0.7334138725754862,0.8725181955566363,0.5689440514372006,0.1985499154968767,22633,27597,868,6471,cfg02_G3_D32,
dgd,DGD,3407,20260717T025102-s3407-65cd6c13c536,dgd-model-v1,5256c3aeda7f7e619fd60d9530397af6a207c7a83d80c45cdd131e0d86fc2ee0,PASS,evaluation,Warm A,57569,23501,0.3636506795883178,0.6529208428147093,0.5476551500054153,0.8606442279051956,0.6693693842768025,0.7809790913845834,0.6415258211884869,0.481225483891834,0.2367783019608987,20226,16706,3275,17362,cfg02_G3_D32,
dgd,DGD,3407,20260717T025102-s3407-65cd6c13c536,dgd-model-v1,5256c3aeda7f7e619fd60d9530397af6a207c7a83d80c45cdd131e0d86fc2ee0,PASS,evaluation,Warm B,57569,23501,0.3472635746002197,0.6962775104657021,0.5931096390763325,0.8153270073613889,0.6866880498862149,0.7955830523890532,0.5611700741718634,0.4334569471543356,0.2611168932133728,19161,13145,4340,20923,cfg02_G3_D32,
dgd,DGD,3407,20260717T025102-s3407-65cd6c13c536,dgd-model-v1,5256c3aeda7f7e619fd60d9530397af6a207c7a83d80c45cdd131e0d86fc2ee0,PASS,evaluation,Warm C,57569,23501,0.3679551184177398,0.7139085271587139,0.6175949155377153,0.7856261435683588,0.6915499288336204,0.8010299944668217,0.5192898956035367,0.41840807729186,0.2704823677962298,18463,11432,5038,22636,cfg02_G3_D32,
dgd,DGD,4517,20260717T025218-s4517-dfc2daaf8a4d,dgd-model-v1,5256c3aeda7f7e619fd60d9530397af6a207c7a83d80c45cdd131e0d86fc2ee0,PASS,evaluation,Cold,57569,23501,0.3320686519145965,0.518664559050878,0.4569693499907988,0.9509808093272628,0.6173074798364823,0.7296924553114452,0.8495370772464347,0.5575131818027184,0.2000098281567771,22349,26558,1152,7510,cfg02_G3_D32,
dgd,DGD,4517,20260717T025218-s4517-dfc2daaf8a4d,dgd-model-v1,5256c3aeda7f7e619fd60d9530397af6a207c7a83d80c45cdd131e0d86fc2ee0,PASS,evaluation,Warm A,57569,23501,0.342690110206604,0.640813632336848,0.5367625992967834,0.876941406748649,0.6659234845547369,0.780500947284065,0.6669388038701385,0.4815799992567581,0.2351371732197867,20609,17786,2892,16282,cfg02_G3_D32,
dgd,DGD,4517,20260717T025218-s4517-dfc2daaf8a4d,dgd-model-v1,5256c3aeda7f7e619fd60d9530397af6a207c7a83d80c45cdd131e0d86fc2ee0,PASS,evaluation,Warm B,57569,23501,0.3799679279327392,0.7067171568031406,0.6084576298967382,0.7897961788860048,0.6873680702144207,0.7961314384924187,0.5298858760791398,0.4342265030939807,0.2606229293933438,18561,11944,4940,22124,cfg02_G3_D32,
dgd,DGD,4517,20260717T025218-s4517-dfc2daaf8a4d,dgd-model-v1,5256c3aeda7f7e619fd60d9530397af6a207c7a83d80c45cdd131e0d86fc2ee0,PASS,evaluation,Warm C,57569,23501,0.3460839986801147,0.7082631277249909,0.6076266290043012,0.8054976383983661,0.6927088098069709,0.8022543034086913,0.5411593044867897,0.4179731864788663,0.271653538671783,18930,12224,4571,21844,cfg02_G3_D32,
dgd,DGD,7788,20260717T024836-s7788-02b73960b948,dgd-model-v1,5256c3aeda7f7e619fd60d9530397af6a207c7a83d80c45cdd131e0d86fc2ee0,PASS,evaluation,Cold,57569,23501,0.3071304559707641,0.503413295349928,0.4495807481118798,0.9650653163695162,0.6134040136312003,0.7342331128060686,0.8762875853323837,0.5571932568141857,0.198396284145629,22680,27767,821,6301,cfg02_G3_D32,
dgd,DGD,7788,20260717T024836-s7788-02b73960b948,dgd-model-v1,5256c3aeda7f7e619fd60d9530397af6a207c7a83d80c45cdd131e0d86fc2ee0,PASS,evaluation,Warm A,57569,23501,0.3371610641479492,0.6426722715350275,0.5381470680137486,0.8794093868346028,0.6677005088441968,0.7852699637307058,0.6670951380083031,0.4765972756634617,0.23511604749355,20667,17737,2834,16331,cfg02_G3_D32,
dgd,DGD,7788,20260717T024836-s7788-02b73960b948,dgd-model-v1,5256c3aeda7f7e619fd60d9530397af6a207c7a83d80c45cdd131e0d86fc2ee0,PASS,evaluation,Warm B,57569,23501,0.3718926012516022,0.7071340478382463,0.6083537281775168,0.793285392110974,0.688619657961807,0.7986654326716276,0.5323177404505898,0.4326996181363757,0.2599287482196561,18643,12002,4858,22066,cfg02_G3_D32,
dgd,DGD,7788,20260717T024836-s7788-02b73960b948,dgd-model-v1,5256c3aeda7f7e619fd60d9530397af6a207c7a83d80c45cdd131e0d86fc2ee0,PASS,evaluation,Warm C,57569,23501,0.3596176505088806,0.7143775295732078,0.6165994845701447,0.7940938683460278,0.694180445254524,0.8041940976813334,0.5257343361878789,0.4176642910629723,0.2689991545204812,18662,11604,4839,22464,cfg02_G3_D32,
dgd,DGD,9999,20260717T024945-s9999-a305b145acdf,dgd-model-v1,5256c3aeda7f7e619fd60d9530397af6a207c7a83d80c45cdd131e0d86fc2ee0,PASS,evaluation,Cold,57569,23501,0.3208650052547455,0.4901596345255259,0.4431906463642013,0.9709799582996468,0.6085959274026858,0.7295909111649522,0.8943702339800934,0.5862501998068618,0.1917932517525262,22819,28669,682,5399,cfg02_G3_D32,
dgd,DGD,9999,20260717T024945-s9999-a305b145acdf,dgd-model-v1,5256c3aeda7f7e619fd60d9530397af6a207c7a83d80c45cdd131e0d86fc2ee0,PASS,evaluation,Warm A,57569,23501,0.3717973530292511,0.6478660390140527,0.5432551908908239,0.8628143483256032,0.6667214677933778,0.7782720301930249,0.6483524118883427,0.4925901093904844,0.2327797120648905,20277,17048,3224,17020,cfg02_G3_D32,
dgd,DGD,9999,20260717T024945-s9999-a305b145acdf,dgd-model-v1,5256c3aeda7f7e619fd60d9530397af6a207c7a83d80c45cdd131e0d86fc2ee0,PASS,evaluation,Warm B,57569,23501,0.372041642665863,0.7040421059945456,0.6043530209577938,0.7963490915280201,0.6871924799882501,0.7943555984320129,0.5379110285049246,0.4369073189318687,0.2606433491789398,18715,12252,4786,21816,cfg02_G3_D32,
dgd,DGD,9999,20260717T024945-s9999-a305b145acdf,dgd-model-v1,5256c3aeda7f7e619fd60d9530397af6a207c7a83d80c45cdd131e0d86fc2ee0,PASS,evaluation,Warm C,57569,23501,0.3554414212703705,0.7099306918654137,0.6111002221351104,0.7960086804816816,0.691405022822612,0.7993990530491717,0.5317445152773194,0.4188518635844993,0.2710246714520353,18707,11905,4794,22163,cfg02_G3_D32,
dgd_ablation,DGD-Ablation:selected,2025,20260717T092420073050-s2025-75f7b01c8e68,dgd-ablation-v1,5256c3aeda7f7e619fd60d9530397af6a207c7a83d80c45cdd131e0d86fc2ee0,PASS,evaluation,Cold,57569,23501,0.3293842673301697,0.5120290434087791,0.4537076249823542,0.9573209650653164,0.615641418563923,0.7327968944156756,0.8613489899077629,0.5643426783873524,0.1934282626071174,22498,27089,1003,6979,,full_dgd
dgd_ablation,DGD-Ablation:selected,2025,20260717T092420073050-s2025-75f7b01c8e68,dgd-ablation-v1,5256c3aeda7f7e619fd60d9530397af6a207c7a83d80c45cdd131e0d86fc2ee0,PASS,evaluation,Warm A,57569,23501,0.387720376253128,0.6147058312633535,0.5164334445495742,0.8825581890132335,0.6515872641879898,0.7661244677998583,0.6976324063297955,0.5190124295756873,0.2098788530174461,20741,19421,2760,14647,,full_dgd
dgd_ablation,DGD-Ablation:selected,2025,20260717T092420073050-s2025-75f7b01c8e68,dgd-ablation-v1,5256c3aeda7f7e619fd60d9530397af6a207c7a83d80c45cdd131e0d86fc2ee0,PASS,evaluation,Warm B,57569,23501,0.3754287660121918,0.6610675884590665,0.5551408586989577,0.8544317263095187,0.6730124681592706,0.7843642418279954,0.6283069012836769,0.4791776739351038,0.2260151163343406,20080,16091,3421,17977,,full_dgd
dgd_ablation,DGD-Ablation:selected,2025,20260717T092420073050-s2025-75f7b01c8e68,dgd-ablation-v1,5256c3aeda7f7e619fd60d9530397af6a207c7a83d80c45cdd131e0d86fc2ee0,PASS,evaluation,Warm C,57569,23501,0.3930592536926269,0.6995084159877712,0.5985758789497108,0.8012425003191354,0.6852380865736276,0.7955506392481896,0.5464399242647953,0.4535131780208234,0.2393545472159162,18830,12628,4671,21440,,full_dgd
dgd_ablation,DGD-Ablation:selected,3407,20260717T093052917408-s3407-4a9f13e76ffa,dgd-ablation-v1,5256c3aeda7f7e619fd60d9530397af6a207c7a83d80c45cdd131e0d86fc2ee0,PASS,evaluation,Cold,57569,23501,0.3170745074748993,0.5079643558164985,0.4516871933513567,0.959746393770478,0.6142763767089711,0.7286018882021598,0.8673939099167955,0.555842976144291,0.1930812053270422,22555,27380,946,6688,,full_dgd
dgd_ablation,DGD-Ablation:selected,3407,20260717T093052917408-s3407-4a9f13e76ffa,dgd-ablation-v1,5256c3aeda7f7e619fd60d9530397af6a207c7a83d80c45cdd131e0d86fc2ee0,PASS,evaluation,Warm A,57569,23501,0.3715480268001556,0.607948722402682,0.5113312723643534,0.8938343049231947,0.6505218172246137,0.7652906559570881,0.7135958588823846,0.5126590601609782,0.2102080833646561,21006,20075,2495,13993,,full_dgd
dgd_ablation,DGD-Ablation:selected,3407,20260717T093052917408-s3407-4a9f13e76ffa,dgd-ablation-v1,5256c3aeda7f7e619fd60d9530397af6a207c7a83d80c45cdd131e0d86fc2ee0,PASS,evaluation,Warm B,57569,23501,0.3937256336212158,0.6716461984748736,0.5666299559471366,0.8319220458703885,0.6741143004913369,0.7849027807115015,0.5993503448036269,0.4750802664401004,0.2274169713233922,19551,14953,3950,19115,,full_dgd
dgd_ablation,DGD-Ablation:selected,3407,20260717T093052917408-s3407-4a9f13e76ffa,dgd-ablation-v1,5256c3aeda7f7e619fd60d9530397af6a207c7a83d80c45cdd131e0d86fc2ee0,PASS,evaluation,Warm C,57569,23501,0.372158795595169,0.6911358543660651,0.586556503843593,0.8246883111356964,0.6855313655094354,0.7960161745607222,0.5739547325817714,0.4504117919726313,0.2414288429502162,19381,13661,4120,20407,,full_dgd
dgd_ablation,DGD-Ablation:selected,4517,20260717T093303293824-s4517-7c7a3b23ea6a,dgd-ablation-v1,5256c3aeda7f7e619fd60d9530397af6a207c7a83d80c45cdd131e0d86fc2ee0,PASS,evaluation,Cold,57569,23501,0.3194022178649902,0.513244975594504,0.4543416348542689,0.9571507595421472,0.6161895630735517,0.7341562441638299,0.8599940940436693,0.5529857160009963,0.1965023605247264,22494,27015,1007,7053,,full_dgd
dgd_ablation,DGD-Ablation:selected,4517,20260717T093303293824-s4517-7c7a3b23ea6a,dgd-ablation-v1,5256c3aeda7f7e619fd60d9530397af6a207c7a83d80c45cdd131e0d86fc2ee0,PASS,evaluation,Warm A,57569,23501,0.3824021816253662,0.6215150515034132,0.5215400100654253,0.8819199183013489,0.6554608560901947,0.7684879616887891,0.6903020722958537,0.5107125024392601,0.2125812983812986,20726,19014,2775,15054,,full_dgd
dgd_ablation,DGD-Ablation:selected,4517,20260717T093303293824-s4517-7c7a3b23ea6a,dgd-ablation-v1,5256c3aeda7f7e619fd60d9530397af6a207c7a83d80c45cdd131e0d86fc2ee0,PASS,evaluation,Warm B,57569,23501,0.3973535299301147,0.6796713509006583,0.5749185667752443,0.8261350580826348,0.6780045747411431,0.7868095910442598,0.586600427313311,0.474032913854014,0.2288847632940263,19415,14355,4086,19713,,full_dgd
dgd_ablation,DGD-Ablation:selected,4517,20260717T093303293824-s4517-7c7a3b23ea6a,dgd-ablation-v1,5256c3aeda7f7e619fd60d9530397af6a207c7a83d80c45cdd131e0d86fc2ee0,PASS,evaluation,Warm C,57569,23501,0.3867127895355224,0.7015755007035036,0.6002219755826859,0.8054125356367814,0.6878406860963733,0.7973367374537889,0.5477774496690927,0.4498835808042568,0.2421840110103406,18928,12607,4573,21461,,full_dgd
dgd_ablation,DGD-Ablation:selected,7788,20260717T092630959985-s7788-c9f48749bb02,dgd-ablation-v1,5256c3aeda7f7e619fd60d9530397af6a207c7a83d80c45cdd131e0d86fc2ee0,PASS,evaluation,Cold,57569,23501,0.3208625316619873,0.5111605204189755,0.453417645287564,0.9611080379558316,0.616154727481041,0.7332484576423437,0.865309454741267,0.5603455337547673,0.1956535951980196,22587,27228,914,6840,,full_dgd
dgd_ablation,DGD-Ablation:selected,7788,20260717T092630959985-s7788-c9f48749bb02,dgd-ablation-v1,5256c3aeda7f7e619fd60d9530397af6a207c7a83d80c45cdd131e0d86fc2ee0,PASS,evaluation,Warm A,57569,23501,0.3671309053897857,0.6017648387152807,0.506891674856773,0.8997914982341177,0.6484712809347113,0.7661099374051052,0.7246434713126857,0.5161794548960259,0.2109377245434379,21146,20571,2355,13497,,full_dgd
dgd_ablation,DGD-Ablation:selected,7788,20260717T092630959985-s7788-c9f48749bb02,dgd-ablation-v1,5256c3aeda7f7e619fd60d9530397af6a207c7a83d80c45cdd131e0d86fc2ee0,PASS,evaluation,Warm B,57569,23501,0.3838676810264587,0.6653059806493078,0.5595911816876425,0.8457086932470959,0.6735233318648548,0.7846755002823594,0.6169466205770466,0.4787986632986225,0.2261256739951049,19875,15642,3626,18426,,full_dgd
dgd_ablation,DGD-Ablation:selected,7788,20260717T092630959985-s7788-c9f48749bb02,dgd-ablation-v1,5256c3aeda7f7e619fd60d9530397af6a207c7a83d80c45cdd131e0d86fc2ee0,PASS,evaluation,Warm C,57569,23501,0.3502678275108337,0.6790807552675919,0.5723456932289268,0.8459640015318497,0.6827618180881571,0.7955458405395773,0.6033802914763153,0.4540316527356857,0.2392561357316495,19881,14855,3620,19213,,full_dgd
dgd_ablation,DGD-Ablation:selected,9999,20260717T092842016218-s9999-5acda38d290e,dgd-ablation-v1,5256c3aeda7f7e619fd60d9530397af6a207c7a83d80c45cdd131e0d86fc2ee0,PASS,evaluation,Cold,57569,23501,0.3246966004371643,0.5102225155899877,0.4527998391474817,0.9582570954427472,0.6149980883718391,0.7337256275125867,0.8639198179575813,0.5607112126279667,0.1952555395839061,22520,27215,981,6853,,emerg_exact_topk
dgd_ablation,DGD-Ablation:selected,9999,20260717T092842016218-s9999-5acda38d290e,dgd-ablation-v1,5256c3aeda7f7e619fd60d9530397af6a207c7a83d80c45cdd131e0d86fc2ee0,PASS,evaluation,Warm A,57569,23501,0.3733337521553039,0.6038666643506053,0.5084184043736998,0.8943023701119102,0.6482826693810825,0.7657453779380718,0.7180600670499748,0.5195716350422198,0.2088623711134005,21017,20321,2484,13747,,emerg_exact_topk
dgd_ablation,DGD-Ablation:selected,9999,20260717T092842016218-s9999-5acda38d290e,dgd-ablation-v1,5256c3aeda7f7e619fd60d9530397af6a207c7a83d80c45cdd131e0d86fc2ee0,PASS,evaluation,Warm B,57569,23501,0.3796099126338959,0.6599558790321179,0.5543824645994403,0.851282924130888,0.6714774786869839,0.7830244972151178,0.626847782660807,0.4828384270521308,0.22236962684406,20006,16081,3495,17987,,emerg_exact_topk
dgd_ablation,DGD-Ablation:selected,9999,20260717T092842016218-s9999-5acda38d290e,dgd-ablation-v1,5256c3aeda7f7e619fd60d9530397af6a207c7a83d80c45cdd131e0d86fc2ee0,PASS,evaluation,Warm C,57569,23501,0.3701491951942444,0.6846045614827424,0.5793962084744756,0.8297093740691885,0.6823200069985128,0.7936611408625216,0.5845854539769668,0.4583655023309415,0.2342224388962736,19499,14155,4002,19913,,emerg_exact_topk
emerg,EmerG,2025,20260717T053254-s2025-0c7949225aa0,emerg-baseline-v1,5256c3aeda7f7e619fd60d9530397af6a207c7a83d80c45cdd131e0d86fc2ee0,PASS,evaluation,Cold,57569,23501,0.2526672184467315,0.5027358474178811,0.4493037423846823,0.9665546146972468,0.6134463993950606,0.7411206623065215,0.8781809654501554,0.5536445948316827,0.2269646542054929,22715,27841,786,6227,cfg02_G2_D32,
emerg,EmerG,2025,20260717T053254-s2025-0c7949225aa0,emerg-baseline-v1,5256c3aeda7f7e619fd60d9530397af6a207c7a83d80c45cdd131e0d86fc2ee0,PASS,evaluation,Warm A,57569,23501,0.3391729593276977,0.6638468620264378,0.5562484748244354,0.8729415769541722,0.6795071378887748,0.7944132160342096,0.6406399277388872,0.4611267425835141,0.2641224190497235,20515,16366,2986,17702,cfg02_G2_D32,
emerg,EmerG,2025,20260717T053254-s2025-0c7949225aa0,emerg-baseline-v1,5256c3aeda7f7e619fd60d9530397af6a207c7a83d80c45cdd131e0d86fc2ee0,PASS,evaluation,Warm B,57569,23501,0.3507685363292694,0.6996473796661398,0.5957210678833467,0.8222628824305349,0.6908954396753607,0.8014910370789695,0.5634629748649447,0.4226440865158269,0.2816144139199807,19324,13114,4177,20954,cfg02_G2_D32,
emerg,EmerG,2025,20260717T053254-s2025-0c7949225aa0,emerg-baseline-v1,5256c3aeda7f7e619fd60d9530397af6a207c7a83d80c45cdd131e0d86fc2ee0,PASS,evaluation,Warm C,57569,23501,0.3664198517799377,0.7114940332470601,0.6126438284518828,0.7974979788094123,0.6929547261198307,0.8025380223715946,0.531397106081398,0.4124524730024134,0.2837493998710516,18742,11850,4759,22218,cfg02_G2_D32,
emerg,EmerG,3407,20260717T053447-s3407-179d309665a5,emerg-baseline-v1,5256c3aeda7f7e619fd60d9530397af6a207c7a83d80c45cdd131e0d86fc2ee0,PASS,evaluation,Cold,57569,23501,0.278169184923172,0.512498045823273,0.4541269649821091,0.9612782434790008,0.6168443758788758,0.7366848725824457,0.8641108930153382,0.5476340723318575,0.221302138664617,22591,27155,910,6913,cfg02_G2_D32,
emerg,EmerG,3407,20260717T053447-s3407-179d309665a5,emerg-baseline-v1,5256c3aeda7f7e619fd60d9530397af6a207c7a83d80c45cdd131e0d86fc2ee0,PASS,evaluation,Warm A,57569,23501,0.3486289083957672,0.6675467699630009,0.5599439313984169,0.8668992808816646,0.6804041078734241,0.7942989912814734,0.6320068092202401,0.4665649509344294,0.2597420878501272,20373,16011,3128,18057,cfg02_G2_D32,
emerg,EmerG,3407,20260717T053447-s3407-179d309665a5,emerg-baseline-v1,5256c3aeda7f7e619fd60d9530397af6a207c7a83d80c45cdd131e0d86fc2ee0,PASS,evaluation,Warm B,57569,23501,0.3705881536006927,0.7064218589866074,0.6053438038689906,0.8069018339645121,0.6917394714283108,0.8009597718236787,0.544147023571714,0.4305170231163653,0.2809499946937016,18963,12363,4538,21705,cfg02_G2_D32,
emerg,EmerG,3407,20260717T053447-s3407-179d309665a5,emerg-baseline-v1,5256c3aeda7f7e619fd60d9530397af6a207c7a83d80c45cdd131e0d86fc2ee0,PASS,evaluation,Warm C,57569,23501,0.3512669801712036,0.7062134134690545,0.6033379344961727,0.8183481553976426,0.6945843942430974,0.803833838566656,0.5537007764595528,0.4206151271569589,0.2851937047030618,19232,12644,4269,21424,cfg02_G2_D32,
emerg,EmerG,4517,20260717T053525-s4517-73f38546870a,emerg-baseline-v1,5256c3aeda7f7e619fd60d9530397af6a207c7a83d80c45cdd131e0d86fc2ee0,PASS,evaluation,Cold,57569,23501,0.2557348608970642,0.489221629696538,0.4429477020602219,0.9752350963788776,0.6091995268662866,0.731100389798526,0.8987823307682954,0.5690495736395036,0.218055727107543,22919,28823,582,5245,cfg02_G2_D32,
emerg,EmerG,4517,20260717T053525-s4517-73f38546870a,emerg-baseline-v1,5256c3aeda7f7e619fd60d9530397af6a207c7a83d80c45cdd131e0d86fc2ee0,PASS,evaluation,Warm A,57569,23501,0.3490466475486755,0.6618492591498897,0.5551544982225868,0.8638781328454108,0.6759334787168518,0.7896038708257187,0.6352377147423093,0.4683442091074014,0.2543735939934607,20302,16268,3199,17800,cfg02_G2_D32,
emerg,EmerG,4517,20260717T053525-s4517-73f38546870a,emerg-baseline-v1,5256c3aeda7f7e619fd60d9530397af6a207c7a83d80c45cdd131e0d86fc2ee0,PASS,evaluation,Warm B,57569,23501,0.3667796850204468,0.7099133214056176,0.6122166122166122,0.7894132164588741,0.6896141550814066,0.8005505826179323,0.5263770432003335,0.4205919131319176,0.2772863537640264,18552,11751,4949,22317,cfg02_G2_D32,
emerg,EmerG,4517,20260717T053525-s4517-73f38546870a,emerg-baseline-v1,5256c3aeda7f7e619fd60d9530397af6a207c7a83d80c45cdd131e0d86fc2ee0,PASS,evaluation,Warm C,57569,23501,0.3639905750751495,0.7136305998019767,0.6155874114351623,0.7948597932002893,0.6938305538015822,0.8044103530711938,0.5271066025117684,0.4129894655591558,0.282389516969977,18680,11665,4821,22403,cfg02_G2_D32,
emerg,EmerG,7788,20260717T053333-s7788-a3a10db1ee40,emerg-baseline-v1,5256c3aeda7f7e619fd60d9530397af6a207c7a83d80c45cdd131e0d86fc2ee0,PASS,evaluation,Cold,57569,23501,0.2731027901172638,0.5082422831732356,0.4521330599406764,0.96642696055487,0.6160522960913554,0.7454926068487179,0.8725703069360246,0.5655164980757484,0.2321223219718838,22712,27521,789,6547,cfg02_G2_D32,
emerg,EmerG,7788,20260717T053333-s7788-a3a10db1ee40,emerg-baseline-v1,5256c3aeda7f7e619fd60d9530397af6a207c7a83d80c45cdd131e0d86fc2ee0,PASS,evaluation,Warm A,57569,23501,0.3428904116153717,0.6604943632857961,0.5530693281820133,0.8771541636526106,0.6783933654747996,0.79545036971964,0.6474317775191509,0.4741243476615829,0.2611299654941438,20614,16658,2887,17410,cfg02_G2_D32,
emerg,EmerG,7788,20260717T053333-s7788-a3a10db1ee40,emerg-baseline-v1,5256c3aeda7f7e619fd60d9530397af6a207c7a83d80c45cdd131e0d86fc2ee0,PASS,evaluation,Warm B,57569,23501,0.379898190498352,0.7091316507147944,0.6103272584754066,0.7951576528658355,0.6905892570077052,0.8009411665234473,0.5318487380360958,0.430877513395777,0.2798747134508262,18687,11931,4814,22137,cfg02_G2_D32,
emerg,EmerG,7788,20260717T053333-s7788-a3a10db1ee40,emerg-baseline-v1,5256c3aeda7f7e619fd60d9530397af6a207c7a83d80c45cdd131e0d86fc2ee0,PASS,evaluation,Warm C,57569,23501,0.3605548143386841,0.709513800830308,0.6082540088162014,0.8102633930471044,0.6948747422774463,0.8052230697059714,0.5437996143757925,0.421141254473743,0.2835977309867243,19042,12264,4459,21804,cfg02_G2_D32,
emerg,EmerG,9999,20260717T053411-s9999-0b7345acfb18,emerg-baseline-v1,5256c3aeda7f7e619fd60d9530397af6a207c7a83d80c45cdd131e0d86fc2ee0,PASS,evaluation,Cold,57569,23501,0.2534204423427582,0.4895516684326634,0.44298033136324,0.9727245649121314,0.6087396479642105,0.7356028018852725,0.8964025777762338,0.5641857617206925,0.2224026196574345,22860,28745,641,5323,cfg02_G2_D32,
emerg,EmerG,9999,20260717T053411-s9999-0b7345acfb18,emerg-baseline-v1,5256c3aeda7f7e619fd60d9530397af6a207c7a83d80c45cdd131e0d86fc2ee0,PASS,evaluation,Warm A,57569,23501,0.3486303091049194,0.6617102954715212,0.5543495869107403,0.8736649504276414,0.678306546193363,0.7914701400643872,0.6433670899268704,0.4767340520700335,0.2598501566611698,20532,16506,2969,17562,cfg02_G2_D32,
emerg,EmerG,9999,20260717T053411-s9999-0b7345acfb18,emerg-baseline-v1,5256c3aeda7f7e619fd60d9530397af6a207c7a83d80c45cdd131e0d86fc2ee0,PASS,evaluation,Warm B,57569,23501,0.351467877626419,0.7002900866785944,0.5950461004777409,0.8320922513935577,0.6938826201121283,0.8016115787158303,0.5708454202782748,0.4345411330499001,0.2817411298211998,19555,13308,3946,20760,cfg02_G2_D32,
emerg,EmerG,9999,20260717T053411-s9999-0b7345acfb18,emerg-baseline-v1,5256c3aeda7f7e619fd60d9530397af6a207c7a83d80c45cdd131e0d86fc2ee0,PASS,evaluation,Warm C,57569,23501,0.3567126095294952,0.7084020914033594,0.6065781954409804,0.812986681417812,0.6947762686594301,0.8035638381399433,0.5471347426566381,0.4194630442845404,0.2845214099487448,19106,12392,4395,21676,cfg02_G2_D32,
lightgcn,LightGCN,2025,20260716T183339-s2025-a370f5a1659c,lightgcn-baseline-v1,5256c3aeda7f7e619fd60d9530397af6a207c7a83d80c45cdd131e0d86fc2ee0,WARN,evaluation,Cold,57569,23501,-0.0410508066415786,0.4082058052076638,0.4082097071187854,0.9999148972384154,0.5797426819791037,0.5060462735549583,0.9999478886206118,5.362256159706805e-05,0.0096584717375976,23499,34067,2,1,cfg01_L2_D64,
lightgcn,LightGCN,2025,20260716T183339-s2025-a370f5a1659c,lightgcn-baseline-v1,5256c3aeda7f7e619fd60d9530397af6a207c7a83d80c45cdd131e0d86fc2ee0,WARN,evaluation,Warm A,57569,23501,-0.0375961475074291,0.4082058052076638,0.4082065179626155,0.9998723458576232,0.5797323135755258,0.5037830254633268,0.9999131477010196,0.001309067226294,0.0097701118883118,23498,34066,3,2,cfg01_L2_D64,
lightgcn,LightGCN,2025,20260716T183339-s2025-a370f5a1659c,lightgcn-baseline-v1,5256c3aeda7f7e619fd60d9530397af6a207c7a83d80c45cdd131e0d86fc2ee0,WARN,evaluation,Warm B,57569,23501,-0.0371024832129478,0.4082058052076638,0.4082065179626155,0.9998723458576232,0.5797323135755258,0.5025470863352928,0.9999131477010196,0.0018149170052812,0.0097784209877443,23498,34066,3,2,cfg01_L2_D64,
lightgcn,LightGCN,2025,20260716T183339-s2025-a370f5a1659c,lightgcn-baseline-v1,5256c3aeda7f7e619fd60d9530397af6a207c7a83d80c45cdd131e0d86fc2ee0,WARN,evaluation,Warm C,57569,23501,-0.0375134870409965,0.4082058052076638,0.4082065179626155,0.9998723458576232,0.5797323135755258,0.5024542090912102,0.9999131477010196,0.0021836275995259,0.0097921861674826,23498,34066,3,2,cfg01_L2_D64,
lightgcn,LightGCN,3407,20260716T183408-s3407-d3c5f4a86f19,lightgcn-baseline-v1,5256c3aeda7f7e619fd60d9530397af6a207c7a83d80c45cdd131e0d86fc2ee0,WARN,evaluation,Cold,57569,23501,-0.0269136503338813,0.4082405461272559,0.4082302668148971,1.0,0.5797777202136452,0.5015929601760593,0.999982629540204,0.0002157326067732,0.0062983050334809,23501,34067,0,1,cfg02_L3_D64,
lightgcn,LightGCN,3407,20260716T183408-s3407-d3c5f4a86f19,lightgcn-baseline-v1,5256c3aeda7f7e619fd60d9530397af6a207c7a83d80c45cdd131e0d86fc2ee0,WARN,evaluation,Warm A,57569,23501,-0.0201232861727476,0.4081710642880717,0.4081923357537435,0.9998723458576232,0.5797180110279152,0.4922198931956845,0.9999478886206118,0.0047764102238878,0.0065101177672791,23498,34068,3,0,cfg02_L3_D64,
lightgcn,LightGCN,3407,20260716T183408-s3407-d3c5f4a86f19,lightgcn-baseline-v1,5256c3aeda7f7e619fd60d9530397af6a207c7a83d80c45cdd131e0d86fc2ee0,WARN,evaluation,Warm B,57569,23501,-0.0194606985896825,0.4082231756674599,0.4082231756674599,1.0,0.5797705686443814,0.4891876614165297,1.0,0.0065857556213916,0.0066529318611493,23501,34068,0,0,cfg02_L3_D64,
lightgcn,LightGCN,3407,20260716T183408-s3407-d3c5f4a86f19,lightgcn-baseline-v1,5256c3aeda7f7e619fd60d9530397af6a207c7a83d80c45cdd131e0d86fc2ee0,WARN,evaluation,Warm C,57569,23501,-0.0187542587518692,0.4082231756674599,0.4082231756674599,1.0,0.5797705686443814,0.4882918135874617,1.0,0.0078905430854476,0.0067841085791239,23501,34068,0,0,cfg02_L3_D64,
lightgcn,LightGCN,4517,20260716T183419-s4517-388725ed3236,lightgcn-baseline-v1,5256c3aeda7f7e619fd60d9530397af6a207c7a83d80c45cdd131e0d86fc2ee0,WARN,evaluation,Cold,57569,23501,-0.0350778326392173,0.4082926575066442,0.4082419777966956,0.9998723458576232,0.5797680730323217,0.499322461562956,0.9998262954020392,1.3149614035599675e-05,0.0095575764851999,23498,34061,3,7,cfg01_L2_D64,
lightgcn,LightGCN,4517,20260716T183419-s4517-388725ed3236,lightgcn-baseline-v1,5256c3aeda7f7e619fd60d9530397af6a207c7a83d80c45cdd131e0d86fc2ee0,WARN,evaluation,Warm A,57569,23501,-0.0405250713229179,0.408257916587052,0.4082373582086959,1.0,0.5797848719593427,0.4987299109782847,0.999965259080408,0.0010786290922885,0.0096543458805372,23501,34066,0,2,cfg01_L2_D64,
lightgcn,LightGCN,4517,20260716T183419-s4517-388725ed3236,lightgcn-baseline-v1,5256c3aeda7f7e619fd60d9530397af6a207c7a83d80c45cdd131e0d86fc2ee0,WARN,evaluation,Warm B,57569,23501,-0.0321923196315765,0.4082926575066442,0.4082228439362608,0.9996170375728692,0.5797058533214886,0.4980325819275078,0.9996178498844864,0.0015032009625749,0.0096634238610127,23492,34055,9,13,cfg01_L2_D64,
lightgcn,LightGCN,4517,20260716T183419-s4517-388725ed3236,lightgcn-baseline-v1,5256c3aeda7f7e619fd60d9530397af6a207c7a83d80c45cdd131e0d86fc2ee0,WARN,evaluation,Warm C,57569,23501,-0.0320411659777164,0.408257916587052,0.4082054668358038,0.9995744861920768,0.579681176586714,0.4979407632220897,0.9996178498844864,0.0018073654999747,0.0096821496358745,23491,34056,10,12,cfg01_L2_D64,
lightgcn,LightGCN,7788,20260716T183349-s7788-055a93bf6705,lightgcn-baseline-v1,5256c3aeda7f7e619fd60d9530397af6a207c7a83d80c45cdd131e0d86fc2ee0,WARN,evaluation,Cold,57569,23501,-0.0280451271682977,0.4082231756674599,0.4082231756674599,1.0,0.5797705686443814,0.4929701704129093,1.0,0.0002467714278575,0.0062457413327309,23501,34068,0,0,cfg02_L3_D64,
lightgcn,LightGCN,7788,20260716T183349-s7788-055a93bf6705,lightgcn-baseline-v1,5256c3aeda7f7e619fd60d9530397af6a207c7a83d80c45cdd131e0d86fc2ee0,WARN,evaluation,Warm A,57569,23501,-0.0205082055181264,0.4082231756674599,0.4082231756674599,1.0,0.5797705686443814,0.486816454871253,1.0,0.004296911532664,0.0064210616809571,23501,34068,0,0,cfg02_L3_D64,
lightgcn,LightGCN,7788,20260716T183349-s7788-055a93bf6705,lightgcn-baseline-v1,5256c3aeda7f7e619fd60d9530397af6a207c7a83d80c45cdd131e0d86fc2ee0,WARN,evaluation,Warm B,57569,23501,-0.0233104638755321,0.4082231756674599,0.4082231756674599,1.0,0.5797705686443814,0.4841391270627946,1.0,0.0059195780284704,0.0065552862081117,23501,34068,0,0,cfg02_L3_D64,
lightgcn,LightGCN,7788,20260716T183349-s7788-055a93bf6705,lightgcn-baseline-v1,5256c3aeda7f7e619fd60d9530397af6a207c7a83d80c45cdd131e0d86fc2ee0,WARN,evaluation,Warm C,57569,23501,-0.016909223049879,0.4082231756674599,0.4082199871454132,0.9999574486192075,0.5797602013124784,0.4830597086450951,0.999965259080408,0.0070739910549217,0.006673700930312,23500,34067,1,1,cfg02_L3_D64,
lightgcn,LightGCN,9999,20260716T183359-s9999-6cc7ff772669,lightgcn-baseline-v1,5256c3aeda7f7e619fd60d9530397af6a207c7a83d80c45cdd131e0d86fc2ee0,WARN,evaluation,Cold,57569,23501,-0.0254852324724197,0.4082405461272559,0.4082302668148971,1.0,0.5797777202136452,0.484253990685769,0.999982629540204,0.0001218159868376,0.0061700511918526,23501,34067,0,1,cfg02_L3_D64,
lightgcn,LightGCN,9999,20260716T183359-s9999-6cc7ff772669,lightgcn-baseline-v1,5256c3aeda7f7e619fd60d9530397af6a207c7a83d80c45cdd131e0d86fc2ee0,WARN,evaluation,Warm A,57569,23501,-0.0213618502020835,0.4082405461272559,0.4082302668148971,1.0,0.5797777202136452,0.4767829072267437,0.999982629540204,0.0043687211114475,0.0063531799906551,23501,34067,0,1,cfg02_L3_D64,
lightgcn,LightGCN,9999,20260716T183359-s9999-6cc7ff772669,lightgcn-baseline-v1,5256c3aeda7f7e619fd60d9530397af6a207c7a83d80c45cdd131e0d86fc2ee0,WARN,evaluation,Warm B,57569,23501,-0.0186569206416606,0.4082231756674599,0.4082199871454132,0.9999574486192075,0.5797602013124784,0.4741031663248342,0.999965259080408,0.0059968031288501,0.0064836010943619,23500,34067,1,1,cfg02_L3_D64,
lightgcn,LightGCN,9999,20260716T183359-s9999-6cc7ff772669,lightgcn-baseline-v1,5256c3aeda7f7e619fd60d9530397af6a207c7a83d80c45cdd131e0d86fc2ee0,WARN,evaluation,Warm C,57569,23501,-0.01793172955513,0.4082405461272559,0.4082302668148971,1.0,0.5797777202136452,0.47310585178809,0.999982629540204,0.0071742653403232,0.0066013297415474,23501,34067,0,1,cfg02_L3_D64,
